[
    {
        "title":"Central Sector Scholarship Scheme for College and University Students",
        "link":"https://scholarships.gov.in/NSP1718/public/faq/FAQ_DOHE.pdf"
    },
    {
        "title":"Inspire Scholarship",
        "link":"http://www.online-inspire.gov.in/"
    },
    {
        "title":"Ishan Uday Scholarship for North East Students",
        "link":"https://www.ugc.ac.in/ner/"
    },
    {
        "title":"Rashtriya Sanskrit Sansthan Scholarship",
        "link":"https://www.ugc.ac.in/ner/"
    },
    {
        "title":"PM Scholarship Scheme",
        "link":"http://desw.gov.in/scholarship"
    },
    {
        "title":"IndusInd Foundation Scholarship",
        "link":"http://www.indusindfoundation.com/scholarship.php"
    },
    {
        "title":"Ministry of Culture Scholarships for Young Artistes",
        "link":"https://indiaculture.nic.in/award-seniorjunior-fellowships-outstanding-persons-fields-culture"
    },
    {
        "title":"Lalit Kala Akademi Scholarship",
        "link":"http://lalitkala.gov.in/fellowship.html"
    }
]