[
    {
        "title":"G.P. Birla Educational Scholarships",
        "link":"http://www.gpbirlaedufoundation.com/"
    },
    {
        "title":"FAEA Scholarship",
        "link":"http://www.faeaindia.org/Registration2017/ImportantInstruction.aspx"
    },
    {
        "title":" Central Sector Scheme Scholarship for Class 12 passed students of Science, Commerce & Arts subjects",
        "link":"http://mhrd.gov.in/scholarships-education-loan-0"
    },
    {
        "title":"Indian Oil Sports Scholarship",
        "link":"https://www.iocl.com/uploads/Sports_SCHOLARSHIP_DETAIL.pdf"
    },
    {
        "title":"FedBank Hormis Memorial Foundation Scholarships",
        "link":"https://www.federalbank.co.in/scholarships"
    },
    {
        "title":"Begum Hazrat Mahal National Scholarship Scheme for Minorities Girls",
        "link":"http://www.maef.nic.in/Instructions.aspx"
    },
    {
        "title":"MOMA Scholarship - Merit cum Means Scholarship",
        "link":"http://www.minorityaffairs.gov.in/SCHEMES/PERFORMANCE/Scholarship-Schemes/merit-cum-means-scholarship-scheme"
    },
    {
        "title":"National Means Cum Merit Scholarship Scheme",
        "link":"http://mhrd.gov.in/nmms"
    }
]