[
    {
        "name":"Computer Science and Engineering",
        "link":"https://engineering.careers360.com/colleges/ranking/top-engineering-colleges-in-bangalore"
    },
    {
        "name":"Civil Engineering",
        "link":"https://www.shiksha.com/b-tech/ranking/top-civil-engineering-colleges-in-karnataka/53-2-106-0-0"
    },

    {
        "name":"Biomedical Engineering",
        "link":"https://www.shiksha.com/b-tech/ranking/top-mechanical-engineering-colleges-in-karnataka/48-2-106-0-0"
    },
    {
        "name":"Electronics and Communication Engineering",
        "link":"https://www.shiksha.com/b-tech/ranking/top-electronics-communication-engineering-colleges-in-bangalore/45-2-0-278-0"
    },
    {
        "name":"",
        "link":""
    },
    {
        "name":"",
        "link":""
    },
    {
        "name":"",
        "link":""
    },
    {
        "name":"",
        "link":""
    },
    {
        "name":"",
        "link":""
    },
    {
        "name":"",
        "link":""
    },
    {
        "name":"",
        "link":""
    },
    {
        "name":"",
        "link":""
    }
]