[
    {
        "title":"MOMA Scholarship - Merit cum Means Scholarship",
        "link":"http://www.minorityaffairs.gov.in/SCHEMES/PERFORMANCE/Scholarship-Schemes/merit-cum-means-scholarship-scheme"
    },
    {
        "title":"All India Scholarship Entrance Examination AISEE 2018",
        "link":"http://www.aisee.co.in/about-college-scholarship.php"
    },
    {
        "title":"DLF Foundation Scholarship (AKANKSHA) 2017",
        "link":"https://www.siasat.com/news/dlf-foundation-scholarship-akanksha-2017-2-1260867/"
    },
    {
        "title":"ONGC Scholarship to Meritorious SC/ST Students 2017",
        "link":"https://www.ongcindia.com/wps/wcm/connect/en/career/recruitment-notice/advertisement-for-meritorious-sc-st-students"
    },
    {
        "title":"LIC Golden Jubilee Scholarship Scheme",
        "link":"https://www.licindia.in/Bottom-Links/Golden-Jubilee-Foundation/Scholarship"
    },
    {
        "title":"Central Sector Scholarship Scheme for College & University Students",
        "link":"https://scholarships.gov.in/NSP1718/public/faq/FAQ_DOHE.pdf"
    },
    {
        "title":"North South Foundation Scholarship",
        "link":"http://www.northsouth.org/public/india/scholarships.aspx"
    }
]